{"count":1,"gauges":{},"self":35.0357024,"total":42.219615499999996,"children":{"AgentResetIfDone":{"count":2000,"self":0.077788,"total":0.077788,"children":null},"AgentSendState":{"count":2000,"self":0.2238638,"total":0.33342859999999996,"children":{"CollectObservations":{"count":4000,"self":0.10956479999999999,"total":0.10956479999999999,"children":null}}},"DecideAction":{"count":2000,"self":5.271036,"total":6.4122793,"children":{"RayPerceptionSensor.Perceive":{"count":4000,"self":1.1412434999999999,"total":1.1412434999999999,"children":null}}},"AcademyStep":{"count":2000,"self":0.021910199999999998,"total":0.021910199999999998,"children":null},"AgentAct":{"count":2000,"self":0.33351379999999997,"total":0.33351379999999997,"children":null}}}